{
	"info": {
		"_postman_id": "7776c930-6f8a-47ca-bf22-73c2a73890bb",
		"name": "assignment-2",
		"schema": "https://schema.getpostman.com/json/collection/v2.1.0/collection.json",
		"_exporter_id": "38365857"
	},
	"item": [
		{
			"name": "get-accounts",
			"request": {
				"auth": {
					"type": "basic",
					"basic": [
						{
							"key": "password",
							"value": "password",
							"type": "string"
						},
						{
							"key": "username",
							"value": "user",
							"type": "string"
						}
					]
				},
				"method": "GET",
				"header": [],
				"url": {
					"raw": "http://localhost:9991/api/accounts?page=0&size=10",
					"protocol": "http",
					"host": [
						"localhost"
					],
					"port": "9991",
					"path": [
						"api",
						"accounts"
					],
					"query": [
						{
							"key": "page",
							"value": "0"
						},
						{
							"key": "size",
							"value": "10"
						}
					]
				}
			},
			"response": []
		},
		{
			"name": "get-accounts filtered",
			"request": {
				"auth": {
					"type": "basic",
					"basic": [
						{
							"key": "password",
							"value": "password",
							"type": "string"
						},
						{
							"key": "username",
							"value": "user",
							"type": "string"
						}
					]
				},
				"method": "GET",
				"header": [],
				"url": {
					"raw": "http://localhost:9991/api/accounts/filter?accountNumber=12345&accountName=John Doe",
					"protocol": "http",
					"host": [
						"localhost"
					],
					"port": "9991",
					"path": [
						"api",
						"accounts",
						"filter"
					],
					"query": [
						{
							"key": "accountNumber",
							"value": "12345"
						},
						{
							"key": "accountName",
							"value": "John Doe"
						}
					]
				}
			},
			"response": []
		},
		{
			"name": "create-accounts",
			"request": {
				"auth": {
					"type": "basic",
					"basic": [
						{
							"key": "password",
							"value": "password",
							"type": "string"
						},
						{
							"key": "username",
							"value": "user",
							"type": "string"
						}
					]
				},
				"method": "POST",
				"header": [],
				"body": {
					"mode": "raw",
					"raw": "{\n  \"accountNumber\": \"12345\",\n  \"accountName\": \"John Doe\",\n  \"balance\": 1000.0\n}\n",
					"options": {
						"raw": {
							"language": "json"
						}
					}
				},
				"url": {
					"raw": "http://localhost:9991/api/accounts",
					"protocol": "http",
					"host": [
						"localhost"
					],
					"port": "9991",
					"path": [
						"api",
						"accounts"
					]
				}
			},
			"response": []
		},
		{
			"name": "update-accounts",
			"request": {
				"auth": {
					"type": "basic",
					"basic": [
						{
							"key": "password",
							"value": "password",
							"type": "string"
						},
						{
							"key": "username",
							"value": "user",
							"type": "string"
						}
					]
				},
				"method": "PUT",
				"header": [],
				"body": {
					"mode": "raw",
					"raw": "{\n  \"accountNumber\": \"12345\",\n  \"accountName\": \"John Doe\",\n  \"balance\": 2000.0\n}\n",
					"options": {
						"raw": {
							"language": "json"
						}
					}
				},
				"url": {
					"raw": "http://localhost:9991/api/accounts/1",
					"protocol": "http",
					"host": [
						"localhost"
					],
					"port": "9991",
					"path": [
						"api",
						"accounts",
						"1"
					]
				}
			},
			"response": []
		}
	]
}